mi_rel_type,const_name,module,app_class
1001,BrregUnitsConst,Business,BrregUnitsApp
1002,CompaniesConst,Customer,CompaniesApp
1003,CustomerRelCompaniesConst,Customer,CustomerRelCompaniesApp
1004,SnoAccountConst,Business,SnoAccountApp
1005,MasterIdLookUpConst,Customer,MasterIdLookUpApp
1006,SentOffersConst,Customer,SentOffersApp
1008,SnoAccountMemberConst,Business,SnoAccountMemberApp
1009,SnoBusinessUnitConst,Business,SnoBusinessUnitApp
1010,SnoUserConst,Business,SnoUserApp
1011,BrregCompanyConst,Business,BrregCompanyApp
1012,CustomerSettingsConst,Customer,CustomerSettingsApp
1013,CustomerSettingsRelConst,Customer,CustomerSettingsRelApp
1014,UserDataRequestsConst,,
1015,UserTypeConst,Customer,UserTypeApp
1016,OfferSendRelConst,Customer,OfferSendRelApp
1017,SystemStatusConst,Customer,SystemStatusApp
1018,SystemUserStatusConst,Customer,SystemUserStatusApp
1019,CompanyMetasConst,Customer,CompanyMetasApp
1020,BusinessCreditScoreConst,Business,BusinessCreditScoreApp
1021,BusinessAddressesConst,Business,BusinessAddressesApp
1022,BusinessDataConst,Business,BusinessDataApp
1023,BusinessDataRegisterRelConst,Business,BusinessDataRegisterRelApp
1024,BusinessLegalCategoriesConst,Business,BusinessLegalCategoriesApp
1025,BusinessRegisterConst,Business,BusinessRegisterApp
1026,BusinessMetaConst,Business,BusinessMetaApp
1027,CustomerHomepageConst,Customer,CustomerHomepageApp
1028,CustomerHomepageRelConst,Customer,CustomerHomepageRelApp
1029,CustomerRelationConst,Customer,CustomerRelationApp
1030,CustomerHealthRelConst,Customer,CustomerHealthRelApp
1031,BusinessCreditReportProviderConst,Business,BusinessCreditReportProviderApp
1032,BusinessCreditReportConfigConst,Business,BusinessCreditReportConfigApp
1033,BusinessCreditReportConst,Business,BusinessCreditReportApp
1034,CustomerUserCompanySettingConst,Customer,CustomerUserCompanySettingApp
1035,CustomerUserCompanySettingUnitRelationConst,Customer,CustomerUserCompanySettingUnitRelationApp
1036,CustomerUserCompanySettingRelationConst,Customer,CustomerUserCompanySettingRelationApp
1037,CalendarAgentConst,Customer,CalendarAgentApp
1038,BusinessContactConst,Business,BusinessContactApp
1039,BusinessContactRelationConst,Business,BusinessContactRelationApp
1040,EhfRegistryConst,Business,EhfRegistryApp
1041,BusinessMetaScoreConst,Business,BusinessMetaScoreApp
1101,GroupsConst,User,GroupsApp
1102,GroupUserRelConst,User,GroupUserRelApp
1103,UserSettingsConst,User,UserSettingsApp
1104,UserSettingsRelConst,User,UserSettingsRelApp
1151,BrregCompanyMetaConst,Business,BrregCompanyMetaApp
1201,TenderConst,Tenders,TenderApp
1202,BizRelConst,Tenders,BizRelApp
1203,WorktypeConst,Tenders,WorktypeApp
1204,TenderAgreementConst,Tenders,TenderAgreementApp
1205,ElasticTenderQueueConst,Tenders,ElasticTenderQueueApp
1206,TLogConst,Tenders,TLogApp
1207,WorktypeTenderRelConst,Tenders,WorktypeTenderRelApp
1208,WorktypeIndustryRelConst,Tenders,WorktypeIndustryRelApp
1209,TenderDataConst,Tenders,TenderDataApp
1210,BizCountiesConst,Tenders,BizCountiesApp
1211,BizDistrictsConst,Tenders,BizDistrictsApp
1212,BizMunicipalitiesConst,Tenders,BizMunicipalitiesApp
1213,BizPlacesConst,Tenders,BizPlacesApp
1214,BizRelMailConst,Tenders,BizRelMailApp
1215,ModelBuilConst,Tenders,ModelBuilApp
1218,TDataConst,Tenders,TDataApp
1219,TenderContractConst,Tenders,TenderContractApp
1220,TenderDataConstantsConst,Tenders,TenderDataConstantsApp
1221,TenderInsuranceConst,Tenders,TenderInsuranceApp
1222,TenderOrderExceptionConst,Tenders,TenderOrderExceptionApp
1223,TenderPlusConst,Tenders,TenderPlusApp
1224,TenderReportConst,Tenders,TenderReportApp
1225,TenderVerisureConst,Tenders,TenderVerisureApp
1226,TIndustryConst,Tenders,TIndustryApp
1227,WorktypeBizRelConst,Tenders,WorktypeBizRelApp
1228,WorktypeSubsetConst,Tenders,WorktypeSubsetApp
1229,WorktypeSubsetBizRelConst,Tenders,WorktypeSubsetBizRelApp
1230,WorktypeSubsetGroupConst,Tenders,WorktypeSubsetGroupApp
1231,WorktypeSubsetGroupRelConst,Tenders,WorktypeSubsetGroupRelApp
1232,WorktypeSubsetTenderRelConst,Tenders,WorktypeSubsetTenderRelApp
1233,BizRelMetaConst,Tenders,BizRelMetaApp
1234,TenderCalloutConst,Tenders,TenderCalloutApp
1235,IndustryBizRelConst,Tenders,IndustryBizRelApp
1236,BizRelStatusConst,Tenders,BizRelStatusApp
1237,TenderInternalStatusConst,Tenders,TenderInternalStatusApp
1238,TIndustryCategoryConst,Tenders,TIndustryCategoryApp
1239,IndustryCategoryRelConst,Tenders,IndustryCategoryRelApp
1240,CompanyDailyEmailConst,Tenders,CompanyDailyEmailApp
1241,CompanyDailyEmailTenderRelConst,Tenders,CompanyDailyEmailTenderRelApp
1242,CompanyDailyEmailTendersConst,Tenders,CompanyDailyEmailTendersApp
1243,JobPriceCalculatorConst,Tenders,JobPriceCalculatorApp
1244,BizRelNoteConst,Tenders,BizRelNoteApp
1245,CompanyTenderActivityDailyConst,Tenders,CompanyTenderActivityDailyApp
1301,AffiliationGroupConst,User,AffiliationGroupApp
1302,AffiliationRelConst,User,AffiliationRelApp
1401,AnalyticsConst,User,AnalyticsApp
1402,CampaignConst,User,CampaignApp
1403,InitializeLogConst,User,InitializeLogApp
1404,LineItemConst,User,LineItemApp
1420,PublishersAppConst,User,PublishersApp
1421,SegmentAppConst,User,SegmentApp
1422,SegmentsMapAppConst,User,SegmentsMapApp
1423,DealsAppConst,User,DealsApp
1424,DealsMapAppconst,User,DealsMapApp
1430,CreativeSizeAppConst,User,CreativeSizesApp
1431,CreativeSizeRelAppConst,User,CreativeSizesRelApp
1434,OverrideLinksAppConst,User,OverrideLinksApp
1501,ConsentActivitiesConst,User,ConsentActivitiesApp
1502,ConsentCategoriesConst,User,ConsentCategoriesApp
1503,ConsentRelationsConst,User,ConsentRelationsApp
1504,TermsAndConditionsConst,User,TermsAndConditionsApp
1505,TACAcceptanceConst,User,TACAcceptanceApp
1506,OptoutEmailConst,User,OptoutEmailApp
1507,OptoutPhoneConst,User,OptoutPhoneApp
1508,TermsAndConditionsVersionsAppConst,User,TermsAndConditionsVersionsApp
1509,TermsAndConditionsConnectionAppConst,User,TermsAndConditionsRelApp
1601,CategoryConst,User,CategoryApp
1602,CommentConst,User,CommentApp
1603,DocConst,User,DocApp
1604,DocsCategoryRelConst,User,DocsCategoryRelApp
1605,DocsTagsRelConst,User,DocsTagsRelApp
1606,DocsUserRelConst,User,DocsUserRelApp
1607,DocsTagConst,User,DocsTagApp
1701,EmailConst,User,EmailApp
1702,EmailTemplateConst,User,EmailTemplateApp
1703,EmailProviderTemplateRelConst,User,EmailProviderTemplateRelApp
1704,EmailSettingsConst,User,EmailSettingsApp
1705,EmailStoplistConst,User,EmailStoplistApp
1706,EmailVarsTemplateConst,User,EmailVarsTemplateApp
1707,EmailStoreIndexingDetailsConst,User,EmailStoreIndexingDetailsApp
1708,SailthruUsersConst,User,SailthruUsersApp
1801,NotificationsConst,User,NotificationsApp
1802,ReceiverRelConst,User,ReceiverRelApp
1803,NotificationReceiversConst,User,NotificationReceiversApp
1804,NotificationPushTokenConst,User,NotificationPushTokensApp
1805,NotificationGroupsConst,User,NotificationGroupsApp
1806,NotificationDestinationsConst,User,NotificationDestinationsApp
1807,NotificationDataDefinitionsRelConst,User,NotificationDataDefinitionsRelApp
1808,NotificationDataDefinitionsConst,User,NotificationDataDefinitionsApp
1809,NotificationTypesConst,User,NotificationTypesApp
1810,NotificationSettingsConst,User,NotificationSettingsApp
1811,NotificationPushBatchConst,User,NotificationPushBatchApp
1812,NotificationPushBatchReceiversConst,User,NotificationPushBatchReceiversApp
1901,SMSConst,User,SMSApp
1902,MMSConst,User,MMSApp
1903,SmsTemplatesConst,User,SmsTemplatesApp
1904,SmsTemplateContentsConst,User,SmsTemplateContentsApp
1905,SMSSettingConst,User,SMSSettingApp
1906,SmsOptoutPhone,User,SmsOptoutPhoneApp
2002,InvoiceConst,Econ,InvoiceApp
2003,InvoiceLineConst,Econ,InvoiceLineApp
2004,OrderConst,Econ,OrderApp
2005,OrderLineConst,Econ,OrderLineApp
2006,PaymentDetailsConst,Econ,PaymentDetailsApp
2007,ProductConst,Econ,ProductApp
2008,ProductGroupConst,Econ,ProductGroupApp
2009,ProductGroupRelConst,Econ,ProductGroupRelApp
2010,ProductSettingsConst,Econ,ProductSettingsApp
2011,TemplateProductConst,Econ,TemplateProductApp
2012,TemplateSettingsConst,Econ,TemplateSettingsApp
2013,VerificationConst,Econ,VerificationApp
2014,InvoiceIteratorConst,Econ,InvoiceIteratorApp
2015,PayexDetailsConst,Econ,PayexDetailsApp
2016,PaymentsConst,Econ,PaymentsApp
2017,MismatchedInvoiceConst,Econ,MismatchedInvoiceApp
2018,StripeDetailsConst,Econ,StripeDetailsApp
2025,InvoiceReminderConst,Econ,InvoiceReminderApp
2026,PaymentDetailsCooldownsConst,Econ,PaymentDetailsCooldownsApp
2027,InvoiceWikiRelConst,Econ,InvoiceWikiRelApp
2030,OrderRenewalSettingConst,Econ,OrderRenewalSettingsApp
2032,PaymentServiceEventConst,Econ,PaymentServiceEventApp
2033,PaymentServiceProviderConst,Econ,PaymentServiceProviderApp
2034,PaymentServiceProviderConfigConst,Econ,PaymentServiceProviderConfigApp
2035,OrderRelConst,Econ,OrderRelApp
2036,ProductPackageConst,Econ,ProductPackageApp
2037,ProductPackageRelConst,Econ,ProductPackageRelApp
2050,DiscountCampaignConst,Econ,DiscountCampaignApp
2051,DiscountCampaignLineConst,Econ,DiscountCampaignLineApp
2052,OrderActivity,Econ,OrderActivityApp
2101,WikiConst,User,WikiApp
2102,WikiFoldersConst,User,WikiFoldersApp
2301,MittanbudBufferConst,SmallBrain,MittanbudBufferApp
2302,TenderIndustryExtendConst,SmallBrain,TenderIndustryExtendApp
2303,SubscriptionCalculatorScoringConst,SmallBrain,SubscriptionScoringApp
2401,FantasyActivityLogConst,User,FantasyActivityLogApp
2402,FantasyNewsConst,User,FantasyNewsApp
2403,FantasyRoundsConst,User,FantasyRoundsApp
2404,FantasySeasonsConst,User,FantasySeasonsApp
2405,FantasySellersConst,User,FantasySellersApp
2406,FantasySellersRoundConst,User,FantasySellersRoundApp
2407,FantasyTeamConst,User,FantasyTeamApp
2408,FantasyTeamRoundConst,User,FantasyTeamRoundApp
2409,FantasyTeamSellerConst,User,FantasyTeamSellerApp
2501,StorageUserConst,User,StorageUsersApp
2502,StoragePhoneConst,User,StoragePhonesApp
2503,StorageEmailConst,User,StorageEmailsApp
2504,StorageSourceConst,User,StorageSourceApp
2511,StorageUserRelConst,User,StorageUserRelApp
2512,StoragePhoneRelConst,User,StoragePhoneRelApp
2513,StorageEmailRelConst,User,StorageEmailRelApp
2514,StorageSourceRelConst,User,StorageSourceRelApp
2601,BudgetLogConst,User,BudgetLogApp
2602,BudgetOrderRelConst,User,BudgetOrderRelApp
2603,BudgetsConst,User,BudgetsApp
2604,BudgetsPeriodConst,User,BudgetsPeriodApp
2701,NativeBufferCompaniesConst,User,NativeBufferCompaniesApp
2801,ReviewConst,User,ReviewApp
2802,ReviewOwnerConst,User,ReviewRelApp
2803,ReviewReceiverConst,User,ReviewRelApp
2804,ReviewMaJobConst,,
2805,ReviewMegloBrokerConst,,
2806,ReviewWorktypeRelConst,,
2807,ReviewEmgOldId,,
2809,ReviewPostCode,,
2810,ReviewMetaIndexConst,User,ReviewMetaIndexApp
2811,ReviewAnswerConst,User,ReviewAnswerApp
2812,ReviewMoveConst,User,ReviewMoveApp
2820,ReviewIPCheckConst,User,ReviewIPCheckApp
2821,ReviewAutoApprovalResultConst,User,ReviewAutoApprovalResultApp
2901,AdvertisingPublicUserFormConst,User,AdvertisingPublicUserFormApp
2902,AdvertisingPublicDraftConst,User,AdvertisingPublicDraftApp
2903,AdvertisingPublicOnboardingConst,User,AdvertisingOnboardingApp
2910,CampaignDoctorAppConst,User,CampaignDoctorApp
2911,CampaignDoctorSnapShotAppConst,User,CampaignDoctorSnapShotApp
2912,AdvertisingOrderLogAppConst,User,AdvertisingOrderLogApp
3001,FormDocumentConst,Forms,FormDocumentApp
3002,FormFieldConst,Forms,FormFieldApp
3003,FormOptionConst,Forms,FormOptionApp
3004,FormHookConst,Forms,FormHookApp
3101,UserReport,,
3102,CompanyReport,,
3201,ChatAccessConst,User,ChatAccessApp
3202,ChatMessageConst,User,ChatMessageApp
3203,ChatMessageReadConst,User,ChatMessageReadApp
3204,ChatThreadConst,User,ChatThreadApp
4001,AddressesConst,Geo,AddressesApp
4002,CountiesNoConst,Geo,CountiesNoApp
4003,CountriesConst,Geo,CountriesApp
4004,MunicipalitiesNoConst,Geo,MunicipalitiesNoApp
4005,PostCodesNoConst,Geo,PostCodesNoApp
4006,PostCodesConst,Geo,PostCodesApp
4007,AdministrativeDivisionsConst,Geo,AdministrativeDivisionsApp
4008,LocationLookupStoreConst,Geo,LocationLookupStoreApp
4101,TicketConst,User,TicketApp
4102,TicketEntryConst,User,TicketEntryApp
4103,TicketNoteConst,User,TicketNoteApp
4104,TicketRelConst,User,TicketRelApp
4201,ReleaseConst,User,ReleaseApp
4202,EntriesConst,User,EntriesApp
4203,ReleaseUnitConst,User,ReleaseUnitApp
4204,ReleaseSubunitConst,User,ReleaseSubunitApp
4205,ReleaseEntrySubunitRelConst,User,ReleaseEntrySubunitRelApp
4301,EggsConst,User,EggsApp
4302,GameScoreConst,User,GameScoreApp
4401,PrivacyUserRequestsConst,User,PrivacyUserRequestsApp
4402,PrivacyUserRequestsRelConst,User,PrivacyUserRequestsRelApp
4403,PrivacyDatastoreRequestsConst,User,PrivacyDatastoreRequestsApp
4404,PrivacyServicesConst,User,PrivacyServicesApp
4405,PrivacyRequestConst,User,PrivacyRequestApp
4406,PrivacyRequestRelConst,User,PrivacyRequestRelApp
4407,PrivacyTakeoutRelConst,User,PrivacyTakeoutRelApp
4408,PrivacyTempInitialRequestConst,User,PrivacyTempInitialRequestApp
4501,AltinnEvidenceAuthorizationConst,User,AltinnEvidenceAuthorizationApp
4502,AltinnEvidenceCodeConst,User,AltinnEvidenceCodeApp
4503,AltinnEvidenceValueConst,User,AltinnEvidenceValueApp
4601,VerifyConst,User,VerifyApp
4602,VerifyCodeConst,User,VerifyCodeApp
4701,BoostAreaConst,User,BoostAreaApp
4702,BoostBookingConst,User,BoostBookingApp
4703,BoostIndustryConst,User,BoostIndustryApp
4704,BoostProductConst,User,BoostProductApp
4705,BoostWordConst,User,BoostWordApp
5001,ListCompanyRelConst,List,ListCompanyRelApp
5002,ListGroupRelConst,List,ListGroupRelApp
5003,ListMembersConst,List,ListMembersApp
5004,ListsConst,List,ListsApp
5005,ListSettingsConst,List,ListSettingsApp
5006,ListSettingsRelConst,List,ListSettingsRelApp
5007,ListStatusesConst,List,ListStatusesApp
5008,ListStatusRelConst,List,ListStatusRelApp
5009,RulesConst,List,RulesApp
5010,ListGroupConst,List,ListGroupApp
5011,ListAutomationConst,List,ListAutomationApp
5012,ListAutomationEventsConst,List,ListAutomationEventsApp
5013,MyMainListSavedStateConst,List,MyMainListSavedStateApp
6001,SettingsConst,SmallBrain,SettingsApp
6002,LogsConst,SmallBrain,LogsApp
7001,DashboardsConst,SmallBrain,DashboardsApp
7002,DocumentationClassConst,System,DocumentationClassApp
7005,SecurityRolesConst,System,SecurityRolesApp
7006,SecurityViewsConst,System,SecurityViewsApp
7007,SystemUsersConst,System,SystemUsersApp
7008,UnitsConst,System,UnitsApp
7009,UserSecProfileRelConst,System,UserSecProfileRelApp
7010,WidgetsConst,SmallBrain,WidgetsApp
7011,SystemMasterLookupConst,SmallBrain,SystemMasterLookupApp
7012,ApiChannelsConst,System,ApiChannelsApp
7013,ApiChannelStackConst,System,ApiChannelStackApp
7014,ApiSubscriptionsConst,System,ApiSubscriptionsApp
7015,ApiTokenConst,,
7016,TokensConst,System,TokensApp
7017,UnitRelConst,System,UnitRelApp
7018,DynamicTabtoolConst,System,DynamicTabtoolApp
7019,DynamicTabtoolRelConst,System,DynamicTabtoolRelApp
7020,ApiSubscribersConst,System,ApiSubscribersApp
7021,SystemVariableConst,System,SystemVariableApp
7022,SystemPhonesConst,System,SystemPhonesApp
7023,SystemPhoneRelConst,System,SystemPhoneRelApp
7024,ApiReceivingStackConst,System,ApiReceivingStackApp
7050,SecurityLayerConst,System,SecurityLayerApp
7051,SecurityLayerRoleConst,System,SecurityLayerRoleApp
7052,SecurityLayerUserRelConst,System,SecurityLayerUserRelApp
7053,SecurityLayerRoleTemplateConst,System,SecurityLayerRoleTemplateApp
7101,ClassificationConst,Business,ClassificationApp
7102,ClassificationGroupConst,Business,ClassificationGroupApp
7103,WidgetBoardTabContentsConst,SmallBrain,WidgetBoardTabContentsApp
7104,SnoXRelationConst,Business,SnoXRelationApp
7105,TextTemplateConst,SmallBrain,TextTemplateApp
7106,WidgetsContextConst,SmallBrain,WidgetsContextApp
7107,MelvisReportRequestsConst,SmallBrain,MelvisReportRequestsApp
7108,MelvisUserDeviceConst,SmallBrain,MelvisUserDeviceApp
7109,TextTemplateContentConst,SmallBrain,TextTemplateContentApp
7110,TemplateUserUsageHistoryConst,SmallBrain,TemplateUserUsageHistoryApp
7111,UserFavouritesConst,SmallBrain,UserFavouritesApp
7112,UserTourProgressConst,SmallBrain,UserTourProgressApp
8001,TagsAccessConst,Tag,TagsAccessApp
8002,TagsConst,Tag,TagsApp
8003,TagsRelConst,Tag,TagsRelApp
8004,TagsPrivateAccessConst,Tag,TagsPrivateAccessApp
8005,TagGroupsConst,Tag,TagGroupsApp
8101,TenderInsurance,,
9001,TasksConst,Task,TasksApp
9002,TaskUserRelConst,Task,TaskUserRelApp
9003,TasksRelConst,Task,TasksRelApp
9501,ProjectConst,SmallBrain,PPlusProjectApp
10000,MasterIdConst,EXCEPTIONS,MasterID
10002,SystemConst,EXCEPTIONS,SYSTEM
10003,SystemUserMasterIdConst,EXCEPTIONS,SystemUserMasterIDPK
10004,MittanbudConst,,
10005,ArvatoConst,,
10006,PayExConst,,
10007,CronConst,,
11001,CompanyEmployeeConst,User,CompanyEmployeeApp
11002,AnswerTemplatesConst,User,AnswerTemplatesApp
11003,AutoDataConst,User,AutoDataApp
11004,CompanySettingsConst,User,CompanySettingsApp
11005,CompanySettingsRelConst,User,CompanySettingsRelApp
11006,ProfileGalleriesConst,User,ProfileGalleriesApp
11007,ProfileGalleryPicturesConst,User,ProfileGalleryPicturesApp
11008,CompanyContactSettingsConst,User,CompanyContactSettingsApp
11009,CompanyContactSettingsRelConst,User,CompanyContactSettingsRelApp
11010,CompanyProfileMessagesConst,User,CompanyProfileMessagesApp
11011,CompanyBoligmappaTokensConst,User,CompanyBoligmappaTokensApp
11012,WatchlistsConst,User,WatchlistsApp
11013,WatchlistAreaRelConst,User,WatchlistAreaRelApp
11014,WatchlistWorktypeRelConst,User,WatchlistWorktypeRelApp
11015,WatchlistWorktypeSubsetRelConst,User,WatchlistWorktypeSubsetRelApp
11016,WatchlistNotificationSettingsConst,User,WatchlistNotificationSettingsApp
11017,WatchlistTendersConst,User,WatchlistTendersApp
11018,CompanyAvailabilityConst,User,CompanyAvailabilityApp
11019,CompanyCreditsConst,User,CompanyCreditsApp
11020,LoyaltyCompanyStateConst,User,LoyaltyCompanyStateApp
11021,LoyaltyClaimConst,User,LoyaltyClaimApp
11022,LoyaltyTierConst,User,LoyaltyTierApp
11023,LoyaltyAdjustmentConst,User,LoyaltyAdjustmentApp
11024,LoyaltyTierRequirementConst,User,LoyaltyTierRequirementApp
11025,LoyaltyTierRequirementGroupConst,User,LoyaltyTierRequirementGroupApp
11026,LoyaltyTierBenefitConst,User,LoyaltyTierBenefitApp
12001,LinksConst,User,LinksApp
12101,AdSwitchAdConst,User,AdSwitchAdsApp
12102,AdSwitchProductConst,User,AdSwitchProductsApp
12103,AdSwitchProductRelationConst,User,AdSwitchProductRelationApp
12104,AdSwitchHtmlTemplatesConst,User,AdSwitchHtmlTemplatesApp
13001,FunnelPipelineConst,User,PipelineApp
13002,FunnelPipelineListRelConst,User,PipelineListRelApp
13003,FunnelStageConst,User,StageApp
13004,FunnelStageOwnerRelConst,User,StageOwnerRelApp
13005,FunnelStageTaskRelConst,User,StageTaskRelApp
13006,FunnelTaskTypeConst,User,TaskTypeApp
13007,FunnelCardConst,User,CardApp
13008,FunnelCardOwnerRelConst,User,CardOwnerRelApp
14001,PPlusProjectConst,SmallBrain,PPlusProjectApp
14002,PPlusProjectInfoConst,SmallBrain,PPlusProjectInfoApp
14003,PPlusProjectWorktypeRelationConst,SmallBrain,ProjectWorktypeRelationApp
14004,PPlusProjectBusinessRelationConst,SmallBrain,PPlusProjectBusinessRelationApp
14005,PPlusProjectBusinessConst,SmallBrain,ProjectBusinessApp
14006,PPlusBusinessApplicationInfoConst,SmallBrain,BusinessApplicationInfoApp
14007,PPlusBusinessApplicationWorktypeRelationConst,SmallBrain,BusinessApplicationWorktypeRelationApp
14008,PPlusBusinessSettingsConst,SmallBrain,PPlusBusinessSettingsApp
14009,PPlusBusinessInfoConst,SmallBrain,PPlusBusinessInfoApp
14010,PPlusBusinessWorktypeRelationConst,SmallBrain,PPlusBusinessWorktypeRelationApp
14011,PPlusBusinessMunicipalityRelationConst,SmallBrain,BusinessMunicipalityRelationApp
14012,PPlusBusinessDistrictRelationConst,SmallBrain,BusinessDistrictRelationApp
15001,SecureIdSessionConst,User,SecureIdSessionApp
15002,SecureIdDocumentConst,User,SecureIdDocumentApp
15003,SecureIdNotificationConst,User,SecureIdNotificationApp
15004,SecureIdSigningOrderConst,User,SecureIdSigningOrderApp
15005,SecureIdTaskConst,User,SecureIdTaskApp
15006,SecureIdSessionCompanyRelConst,User,SecureIdSessionCompanyRelApp
16001,CanteenDishesConst,User,CanteenDishesApp
16002,RatingsConst,User,RatingsApp
16003,GameTaskConst,User,GameTaskApp
16004,GameTaskRelConst,User,GameTaskRelApp
16005,GameConst,User,GameApp
16006,GameTaskUserRelConst,User,GameTaskUserRelApp
17001,NaughtyIdentifierConst,User,NaughtyIdentifierApp
17002,NaughtyIncidentConst,User,NaughtyIncidentApp
17003,NaughtyIncidentRelationConst,User,NaughtyIncidentRelationApp
17004,NaughtyIdentifierIncidentRelationConst,User,NaughtyIdentifierIncidentRelationApp
18001,OffersConst,User,OffersApp
18002,OfferOptionsConst,User,OfferOptionsApp
18003,OfferOptionLinesConst,User,OfferOptionLinesApp
18004,OfferRecipientsConst,User,OfferRecipientsApp
18005,OfferRecipientNotificationsConst,User,OfferRecipientNotificationsApp
18007,OfferOptionTemplatesConst,User,OfferOptionTemplateApp
18008,OfferOptionTemplateLinesConst,User,OfferOptionTemplateLineApp
19001,ProfileAttributeKeysConst,User,ProfileAttributeKeysApp
19002,ProfileAttributeValuesConst,User,ProfileAttributeValuesApp
20001,InsuranceConst,User,InsuranceApp
21001,VippsDetailsConst,User,VippsDetailsApp
22001,ScoringSummaryConst,User,ScoreSummaryApp
22002,ScoringLedgerConst,User,ScoreLedgerApp
22003,ScoringRulesConst,User,ScoreRulesApp
22004,ScoringContextConst,User,ScoreContextApp
22005,ScoringContextUserConst,User,ScoreContextUserApp
